Archivo,Hu_1,Hu_2,Hu_3,Hu_4,Hu_5,Hu_6,Hu_7
1.jpg,3.188502460199797,8.703045854866723,9.994724402035173,9.999776801703943,10.0,9.999999991421989,10.0
2.jpg,3.0949100294688385,6.6070682300822705,9.947067882683761,9.991535603686366,9.999999999999963,9.999996931447141,9.999999999999979
3.jpg,3.0232364922160464,6.313076834285438,9.833999357402341,9.958572142477777,9.99999999999917,9.999979456657632,-9.999999999999563
4.jpg,2.8567448413864795,5.831396668852199,9.38774938102444,9.569805142976387,9.999999999831743,9.999108430403753,-9.999999999998183
