Archivo,Promedio R,Promedio G,Promedio B
1.jpg,255.0,219.2654977219384,227.5478047770261
2.jpg,255.0,188.69012862988302,94.80780719152231
3.jpg,255.0,83.64297783544585,112.70242948302074
4.jpg,255.0,138.5014834532045,56.20094879989017
